[
  {
    "type": "visualization",
    "source": {
      "title": "Honeypot Ports Used",
      "visState": "{\"title\":\"Honeypot Ports Used\",\"type\":\"pie\",\"params\":{\"type\":\"pie\",\"addTooltip\":true,\"addLegend\":true,\"legendPosition\":\"right\",\"isDonut\":true,\"labels\":{\"show\":false,\"values\":true,\"last_level\":true,\"truncate\":100}},\"aggs\":[{\"id\":\"1\",\"enabled\":true,\"type\":\"count\",\"schema\":\"metric\",\"params\":{}},{\"id\":\"2\",\"enabled\":true,\"type\":\"terms\",\"schema\":\"segment\",\"params\":{\"field\":\"transaction.local_port\",\"size\":5,\"order\":\"desc\",\"orderBy\":\"1\",\"otherBucket\":false,\"otherBucketLabel\":\"Other\",\"missingBucket\":false,\"missingBucketLabel\":\"Missing\"}}]}",
      "uiStateJSON": "{}",
      "description": "",
      "version": 1,
      "kibanaSavedObjectMeta": {
        "searchSourceJSON": "{\"index\":\"bcd07420-932d-11e9-b389-ef3215830bca\",\"query\":{\"query\":\"honeytrap\",\"language\":\"lucene\"},\"filter\":[]}"
      }
    }
  }
]